/*CREATE SCHEMA  IF NOT EXISTS  MEDICAL_RECORDS  AUTHORIZATION admin

INSERT INTO MEDICAL_RECORDS.PATIENT (ID_PATIENT,NAME,CPF,GENDER,BIRTHDATE,MOTHER_NAME) values (1,'augusto','42736743865','MALE',DATE '1997-01-11','Telma')
INSERT INTO MEDICAL_RECORDS.PATIENT (ID_PATIENT,NAME,CPF,GENDER,BIRTHDATE,MOTHER_NAME) values (2,'fernanda','52224720190','FEMALE',DATE '1980-01-22','Sandra Alícia Aparecida')
INSERT INTO MEDICAL_RECORDS.PATIENT (ID_PATIENT,NAME,CPF,GENDER,BIRTHDATE,MOTHER_NAME) values (3,'diana','42736743865','FEMALE',DATE '2000-01-06','Eloá Caroline Hadassa')
INSERT INTO MEDICAL_RECORDS.PATIENT (ID_PATIENT,NAME,CPF,GENDER,BIRTHDATE,MOTHER_NAME) values (4,'marcos','42736743865','MALE',DATE '1993-01-11','Eloá Caroline Hadassa')

INSERT INTO MEDICAL_RECORDS.USER (ID_USER, CELL_PHONE, EMAIL, NAME_LOGIN, PASSWORD, ID_PATIENT) VALUES (1,95998908436,'augusto.test@test.com', 'augusto','001122',1)
INSERT INTO MEDICAL_RECORDS.USER (ID_USER, CELL_PHONE, EMAIL, NAME_LOGIN, PASSWORD, ID_PATIENT) VALUES (2,9525450534,'fernanda.test@test.com', 'fernanda','001122',2)
INSERT INTO MEDICAL_RECORDS.USER (ID_USER, CELL_PHONE, EMAIL, NAME_LOGIN, PASSWORD, ID_PATIENT) VALUES (3,84987017681,'diana.test@test.com', 'diana','001122',3)
INSERT INTO MEDICAL_RECORDS.USER (ID_USER, CELL_PHONE, EMAIL, NAME_LOGIN, PASSWORD, ID_PATIENT) VALUES (4,8428003056,'marcos.test@test.com', 'marcos','001122',4)

INSERT INTO MEDICAL_RECORDS.HEALTH_INSURANCE (ID_HEALTH_INSURANCE,HEALTH_INSURANCE_COMPANY,HEALTH_INSURANCE_NAME,INSURANCE_CARD_NUMBER,CARD_EXPIRATION_DATE,ID_PATIENT) VALUES (1,'Bradesco','Nacional Plus', '259287131',042021,1)
INSERT INTO MEDICAL_RECORDS.HEALTH_INSURANCE (ID_HEALTH_INSURANCE,HEALTH_INSURANCE_COMPANY,HEALTH_INSURANCE_NAME,INSURANCE_CARD_NUMBER,CARD_EXPIRATION_DATE,ID_PATIENT) VALUES (2,'Sul America','America Premium', '59020340',042021,2)
INSERT INTO MEDICAL_RECORDS.HEALTH_INSURANCE (ID_HEALTH_INSURANCE,HEALTH_INSURANCE_COMPANY,HEALTH_INSURANCE_NAME,INSURANCE_CARD_NUMBER,CARD_EXPIRATION_DATE,ID_PATIENT) VALUES (3,'Care Plus','Care Family Plus', '84987017681',042021,3)


INSERT INTO MEDICAL_RECORDS.VACCINE (ID_VACCINE, DESCRIPTION, NAME) VALUES  (1,'FEBRE AMARELA','FEBRE AMARELA')
INSERT INTO MEDICAL_RECORDS.VACCINE (ID_VACCINE, DESCRIPTION, NAME) VALUES  (5,'HPV','HPV')
INSERT INTO MEDICAL_RECORDS.VACCINE (ID_VACCINE, DESCRIPTION, NAME) VALUES  (2,'DENGUE','DENGUE')
INSERT INTO MEDICAL_RECORDS.VACCINE (ID_VACCINE, DESCRIPTION, NAME) VALUES  (3,'dTpa','dTpa')
INSERT INTO MEDICAL_RECORDS.VACCINE (ID_VACCINE, DESCRIPTION, NAME) VALUES  (4,'TETRA VIRAL','TETRA VIRAL')
 
INSERT INTO MEDICAL_RECORDS.IMMUNIZATION_SCHEDULE (ID_IMMUNIZATION_SCHEDULE, START_AGE, END_AGE, RECOMMENDED_DOSAGE, ID_VACCINE) VALUES (1, 1, 3, 2, 4)
INSERT INTO MEDICAL_RECORDS.IMMUNIZATION_SCHEDULE (ID_IMMUNIZATION_SCHEDULE, START_AGE, END_AGE, RECOMMENDED_DOSAGE, ID_VACCINE) VALUES (2, 5, 20, 1, 5)
INSERT INTO MEDICAL_RECORDS.IMMUNIZATION_SCHEDULE (ID_IMMUNIZATION_SCHEDULE, START_AGE, END_AGE, RECOMMENDED_DOSAGE, ID_VACCINE) VALUES (3, 15, 20, 1, 2)


INSERT INTO MEDICAL_RECORDS.VACCINE_HAS_PATIENT (IDVACCINES_HAS_PATIENT, ID_VACCINE, ID_PATIENT, DATA_IMMUNIZATION, PLACE_VACCINE_APPLIED) VALUES(1,2,1, DATE '2012-08-11', 'UBS ERMELINO MATARAZZO')
INSERT INTO MEDICAL_RECORDS.VACCINE_HAS_PATIENT (IDVACCINES_HAS_PATIENT, ID_VACCINE, ID_PATIENT, DATA_IMMUNIZATION, PLACE_VACCINE_APPLIED) VALUES(2,5,3, DATE '2016-02-22', 'UBS ERMELINO MATARAZZO')




*/